Model,Accuracy,Accuracy %
Logistic Regression,0.6938031591737546,69.38031591737546
Random Forest,0.976913730255164,97.6913730255164
Gradient Boosting,0.9787363304981774,97.87363304981774
